1.62-0.89i,1.6293-1e-10i,2.2525-2.2153e-05i,3.5274-1.2663i,1.4878-1e-09i,2.1552-1e-06i,1.393-1e-08i,3.3255-0.89179i,3e-07
0.114-1.32i,1.6247-1e-10i,2.1958-5.4984e-06i,3.5861-0.93395i,1.4769-1e-09i,2.103-1e-06i,1.3874-1e-08i,3.0271-0.071873i,3.5e-07
0.0782-2.09i,1.6202-1e-10i,2.163-1.1586e-06i,3.5242-0.67914i,1.4702-1e-09i,2.0734-1e-06i,1.3839-1e-08i,2.6811-0.00064934i,4e-07
0.0692-2.63i,1.6145-1e-10i,2.142-4.1363e-07i,3.4838-0.55173i,1.4656-1e-09i,2.0549-1e-06i,1.3815-1e-08i,2.5513-1.396e-05i,4.5e-07
0.0667-3.1i,1.609-1e-10i,2.1277-1.4401e-07i,3.4584-0.45221i,1.4624-1e-09i,2.0404-1e-06i,1.3798-1e-08i,2.4807-6.528e-07i,5e-07
0.0676-3.54i,1.6056-1e-10i,2.1174-1.4115e-07i,3.4319-0.37231i,1.4599-1e-09i,2.0327-1e-06i,1.3785-1e-08i,2.4358-5.3945e-08i,5.5e-07
0.0707-3.97i,1.6028-1e-10i,2.1097-1.3829e-07i,3.4067-0.30924i,1.4581-1e-09i,2.025-1e-06i,1.3775-1e-08i,2.4049-6.777e-09i,6e-07
0.0754-4.38i,1.5997-1e-10i,2.1037-1.3542e-07i,3.3812-0.25873i,1.4565-1e-09i,2.02-1e-06i,1.3767-1e-08i,2.3824-1.1178e-09i,6.5e-07
0.0815-4.78i,1.5974-1e-10i,2.099-1.3256e-07i,3.3578-0.21923i,1.4553-1e-09i,2.0166-1e-06i,1.3761-1e-08i,2.3653-1.6987e-10i,7e-07
0.0887-5.18i,1.5957-1e-10i,2.0952-1.297e-07i,3.3374-0.18744i,1.4544-1e-09i,2.0132-1e-06i,1.3755-1e-08i,2.3519,7.5e-07
0.0969-5.57i,1.5936-1e-10i,2.092-1.2684e-07i,3.3178-0.1598i,1.4534-1e-09i,2.0098-1e-06i,1.3751-1e-08i,2.3412,8e-07
0.106-5.96i,1.5915-1e-10i,2.0893-1.2398e-07i,3.2998-0.1392i,1.4525-1e-09i,2.0074-1e-06i,1.3746-1e-08i,2.3325,8.5e-07
0.116-6.34i,1.5894-1e-10i,2.087-1.2112e-07i,3.2851-0.12516i,1.4518-1e-09i,2.0062-1e-06i,1.3743-1e-08i,2.3252,9e-07
0.127-6.73i,1.5876-1e-10i,2.0851-1.1826e-07i,3.2744-0.10568i,1.4511-1e-09i,2.005-1e-06i,1.3739-1e-08i,2.319,9.5e-07
0.138-7.11i,1.5864-1e-10i,2.0833-1.154e-07i,3.2603-0.095449i,1.4504-1e-09i,2.0038-1e-06i,1.3736-1e-08i,2.3137,1e-06
0.151-7.49i,1.5848-1e-10i,2.0817-1.1254e-07i,3.247-0.086351i,1.4498-1e-09i,2.0026-1e-06i,1.3733-1e-08i,2.309,1.05e-06
0.164-7.87i,1.5834-1e-10i,2.0803-1.0968e-07i,3.2387-0.079303i,1.4492-1e-09i,2.0014-1e-06i,1.373-1e-08i,2.3049,1.1e-06
0.177-8.24i,1.5829-1e-10i,2.079-1.0682e-07i,3.2305-0.072254i,1.4486-1e-09i,2.0002-1e-06i,1.3727-1e-08i,2.3013,1.15e-06
0.192-8.62i,1.5816-1e-10i,2.0778-1.0396e-07i,3.2235-0.065677i,1.4481-1e-09i,1.999-1e-06i,1.3724-1e-08i,2.298,1.2e-06
0.207-9i,1.5809-1e-10i,2.0767-1.011e-07i,3.217-0.059312i,1.4475-1e-09i,1.998-1e-06i,1.3721-1e-08i,2.295,1.25e-06
0.222-9.36i,1.5799-1e-10i,2.0756-9.8244e-08i,3.2106-0.052947i,1.4469-1e-09i,1.9954-4.0251e-05i,1.3719-1e-08i,2.2922,1.3e-06
0.238-9.73i,1.579-1e-10i,2.0746-9.5383e-08i,3.205-0.048324i,1.4463-1e-09i,1.991-0.00010567i,1.3716-1e-08i,2.2897,1.35e-06
0.256-10.1i,1.5788-1e-10i,2.0736-9.2523e-08i,3.1995-0.044194i,1.4458-1e-09i,1.9866-0.00017109i,1.3713-1e-08i,2.2873,1.4e-06
0.274-10.5i,1.577-1e-10i,2.0727-8.9663e-08i,3.1941-0.040065i,1.4452-1e-09i,1.9823-0.00023651i,1.3711-1e-08i,2.285,1.45e-06
0.291-10.8i,1.577-1e-10i,2.0718-8.6803e-08i,3.1887-0.035975i,1.4446-1e-09i,1.9779-0.00030193i,1.3708-1e-08i,2.2829-8.6721e-297i,1.5e-06
0.31-11.2i,1.577-1e-10i,2.0709-8.3943e-08i,3.1847-0.033482i,1.444-1e-09i,1.9735-0.00036735i,1.3705-1e-08i,2.2808-3.5796e-272i,1.55e-06
0.33-11.6i,1.5757-1e-10i,2.07-8.1083e-08i,3.1807-0.030989i,1.4434-1e-09i,1.9692-0.00043277i,1.3702-1e-08i,2.2789-3.1582e-252i,1.6e-06
0.351-12i,1.5757-1e-10i,2.0692-7.8223e-08i,3.1767-0.028497i,1.4428-1e-09i,1.9648-0.00049818i,1.37-1e-08i,2.277-1.1188e-231i,1.65e-06
0.371-12.3i,1.5757-1e-10i,2.0683-7.5363e-08i,3.1727-0.026004i,1.4422-1e-09i,1.9604-0.0005636i,1.3697-1e-08i,2.2751-2.5962e-214i,1.7e-06
0.393-12.7i,1.575-1e-10i,2.0675-7.2503e-08i,3.1688-0.023526i,1.4415-1e-09i,1.9561-0.00062902i,1.3694-1e-08i,2.2733-1.3673e-198i,1.75e-06
0.414-13.1i,1.5741-1e-10i,2.0666-6.9643e-08i,3.1653-0.021472i,1.4409-1e-09i,1.9517-0.00069444i,1.3691-1e-08i,2.2716-3.7324e-184i,1.8e-06
0.438-13.4i,1.574-1e-10i,2.0658-6.6782e-08i,3.1618-0.019418i,1.4402-1e-09i,1.9473-0.00075986i,1.3688-1e-08i,2.2698-2.0737e-172i,1.85e-06
0.461-13.8i,1.574-1e-10i,2.065-6.3922e-08i,3.1584-0.017413i,1.4395-1e-09i,1.943-0.00082528i,1.3685-1e-08i,2.2681-1.135e-159i,1.9e-06
0.485-14.2i,1.573-1e-10i,2.0641-6.1062e-08i,3.1552-0.016172i,1.4388-1e-09i,1.9386-0.0008907i,1.3682-1e-08i,2.2664-2.0719e-148i,1.95e-06
0.512-14.6i,1.5723-1e-10i,2.0633-5.8202e-08i,3.1521-0.014931i,1.4381-1e-09i,1.9342-0.00095612i,1.3678-1e-08i,2.2647-1.4827e-138i,2e-06
0.536-14.95i,1.5707-0.00014084i,2.0624-5.5342e-08i,3.1489-0.013691i,1.4373-1e-09i,1.9299-0.0010215i,1.3675-1e-08i,2.2631-9.4506e-130i,2.05e-06
0.562-15.3i,1.5692-0.00028168i,2.0615-5.2482e-08i,3.1458-0.012558i,1.4366-1e-09i,1.9255-0.001087i,1.3672-1e-08i,2.2614-1.6019e-121i,2.1e-06
0.588-15.7i,1.5676-0.00042252i,2.0607-4.9622e-08i,3.1431-0.011988i,1.4358-1e-09i,1.9211-0.0011524i,1.3668-1e-08i,2.2597-3.1983e-113i,2.15e-06
0.616-16i,1.5661-0.00056336i,2.0598-4.6762e-08i,3.1405-0.011419i,1.435-1e-09i,1.9168-0.0012178i,1.3665-1e-08i,2.258-4.457e-106i,2.2e-06
0.6435-16.4i,1.5645-0.0007042i,2.0589-4.3902e-08i,3.1378-0.01085i,1.4342-1e-09i,1.9124-0.0012832i,1.3661-1e-08i,2.2563-1.0524e-99i,2.25e-06
0.673-16.8i,1.563-0.00084504i,2.058-4.1041e-08i,3.1352-0.010281i,1.4333-1e-09i,1.908-0.0013486i,1.3658-1e-08i,2.2546-2.5998e-93i,2.3e-06
0.702-17.1i,1.5614-0.00098588i,2.0571-3.8181e-08i,3.1329-0.0099334i,1.4325-1e-09i,1.9037-0.0014141i,1.3654-1e-08i,2.2529-2.2862e-87i,2.35e-06
0.7335-17.55i,1.5599-0.0011267i,2.0562-3.5321e-08i,3.1308-0.0097169i,1.4316-1e-09i,1.8993-0.0014795i,1.365-1e-08i,2.2512-4.8937e-82i,2.4e-06
0.761-17.9i,1.5583-0.0012676i,2.0552-3.2461e-08i,3.1287-0.0095005i,1.4307-1e-09i,1.8949-0.0015449i,1.3647-1e-08i,2.2495-2.6016e-77i,2.45e-06
0.796-18.3i,1.5568-0.0014084i,2.0543-2.9601e-08i,3.1266-0.009284i,1.4296-1e-09i,1.8906-0.0016103i,1.3643-1e-08i,2.2477-1.6034e-72i,2.5e-06
0.827-18.6i,1.5552-0.0015492i,2.0533-2.6741e-08i,3.1245-0.0090675i,1.4285-1e-09i,1.8862-0.0016757i,1.3639-1e-08i,2.246-2.0516e-68i,2.55e-06
0.86-19i,1.5537-0.0016901i,2.0523-2.3881e-08i,3.1224-0.008851i,1.4274-1e-09i,1.8818-0.0017411i,1.3635-1e-08i,2.2442-1.7812e-64i,2.6e-06
0.888-19.3i,1.5521-0.0018309i,2.0513-2.1021e-08i,3.1205-0.0087192i,1.4263-1e-09i,1.8775-0.0018066i,1.363-1e-08i,2.2424-1.3251e-60i,2.65e-06
0.925-19.7i,1.5506-0.0019718i,2.0503-1.8161e-08i,3.1187-0.0086486i,1.4252-1e-09i,1.8731-0.001872i,1.3626-1e-08i,2.2406-3.2257e-57i,2.7e-06
0.956-20.1i,1.549-0.0021126i,2.0493-1.5301e-08i,3.1169-0.0085779i,1.424-1e-09i,1.8687-0.0019374i,1.3622-1e-08i,2.2387-4.5903e-54i,2.75e-06
0.9935-20.45i,1.5475-0.0022535i,2.0483-1.244e-08i,3.1152-0.0085072i,1.4229-1e-09i,1.8644-0.0020028i,1.3618-1e-08i,2.2368-4.3075e-51i,2.8e-06
1.025-20.85i,1.5459-0.0023943i,2.0472-9.5803e-09i,3.1134-0.0084366i,1.4218-1e-09i,1.86-0.0020682i,1.3613-1e-08i,2.2349-2.8454e-48i,2.85e-06
1.065-21.15i,1.5444-0.0025351i,2.0461-6.7202e-09i,3.1117-0.0083659i,1.4207-1e-09i,1.8556-0.0021337i,1.3609-1e-08i,2.233-1.4411e-45i,2.9e-06
1.1-21.5i,1.5428-0.002676i,2.045-3.8601e-09i,3.1099-0.0082952i,1.4196-1e-09i,1.8513-0.0021991i,1.3604-1e-08i,2.2311-4.2392e-43i,2.95e-06
1.14-21.9i,1.5412-0.0028168i,2.0439-1e-09i,3.1082-0.008294i,1.4185-1e-09i,1.8469-0.0022645i,1.3599-1e-08i,2.2291-1.0297e-40i,3e-06
1.175-22.25i,1.5397-0.0029577i,2.0428-3.1803e-08i,3.1066-0.0083685i,1.4174-1e-09i,1.8455-0.0025707i,1.3595-1e-08i,2.2271-1.8264e-38i,3.05e-06
1.22-22.7i,1.5381-0.0030985i,2.0417-6.2606e-08i,3.105-0.008443i,1.4163-1e-09i,1.8441-0.002886i,1.359-1e-08i,2.225-2.3665e-36i,3.1e-06
1.25-23i,1.5366-0.0032393i,2.0405-9.3409e-08i,3.1034-0.0085174i,1.4152-1e-09i,1.8427-0.003207i,1.3585-1e-08i,2.223-2.1846e-34i,3.15e-06
1.295-23.35i,1.535-0.0033802i,2.0393-1.2421e-07i,3.1018-0.0085919i,1.4141-1e-09i,1.8412-0.0035298i,1.358-1e-08i,2.2209-1.3217e-32i,3.2e-06
1.335-23.75i,1.5335-0.003521i,2.0382-1.5502e-07i,3.1002-0.0086663i,1.413-1e-09i,1.8397-0.0038505i,1.3575-1e-08i,2.2187-6.6385e-31i,3.25e-06
1.375-24.05i,1.5319-0.0036619i,2.037-1.8582e-07i,3.0986-0.0087408i,1.4116-1e-09i,1.8382-0.0041661i,1.357-1e-08i,2.2166-3.1443e-29i,3.3e-06
1.415-24.45i,1.5304-0.0038027i,2.0357-2.1662e-07i,3.097-0.0088152i,1.4102-1e-09i,1.8366-0.0044729i,1.3564-1e-08i,2.2144-9.4383e-28i,3.35e-06
1.46-24.85i,1.5288-0.0039435i,2.0345-2.4742e-07i,3.0954-0.0088897i,1.4088-1e-09i,1.835-0.0047688i,1.3559-1e-08i,2.2122-2.786e-26i,3.4e-06
1.5-25.2i,1.5273-0.0040844i,2.0332-2.7823e-07i,3.0938-0.0089641i,1.4074-1e-09i,1.8334-0.0050503i,1.3554-1e-08i,2.2099-6.349e-25i,3.45e-06
1.55-25.6i,1.5257-0.0042252i,2.0319-3.0903e-07i,3.0922-0.0090424i,1.4059-1e-09i,1.8317-0.0053167i,1.3548-1e-08i,2.2076-1.2058e-23i,3.5e-06
1.59-25.95i,1.5242-0.0043661i,2.0306-3.3983e-07i,3.0906-0.0091718i,1.4044-1e-09i,1.83-0.005565i,1.3543-1e-08i,2.2053-1.9362e-22i,3.55e-06
1.63-26.3i,1.5226-0.0045069i,2.0293-3.7064e-07i,3.0889-0.0093012i,1.4042-1.2325e-05i,1.8282-0.0057954i,1.3537-1e-08i,2.2029-2.7844e-21i,3.6e-06
1.68-26.65i,1.5211-0.0046477i,2.028-4.0144e-07i,3.0873-0.0094306i,1.4042-2.4847e-05i,1.8264-0.0060056i,1.3531-1e-08i,2.2005-3.006e-20i,3.65e-06
1.73-27i,1.5195-0.0047886i,2.0266-4.3224e-07i,3.0856-0.0095601i,1.4042-3.3229e-05i,1.8246-0.0061965i,1.3525-1e-08i,2.1981-3.5284e-19i,3.7e-06
1.77-27.3i,1.518-0.0049294i,2.0252-4.6305e-07i,3.084-0.0096895i,1.3994-3.7374e-05i,1.8227-0.0063665i,1.3519-1e-08i,2.1956-3.1756e-18i,3.75e-06
1.82-27.75i,1.5164-0.0050703i,2.0238-4.9385e-07i,3.0823-0.0098673i,1.3978-4.3019e-05i,1.8208-0.0065172i,1.3513-1e-08i,2.1931-2.4192e-17i,3.8e-06
1.8633-28.067i,1.5149-0.0052111i,2.0224-5.2465e-07i,3.0806-0.010147i,1.395-4.9716e-05i,1.8189-0.0066475i,1.3507-1e-08i,2.1905-1.9085e-16i,3.85e-06
1.92-28.5i,1.5133-0.0053519i,2.021-5.5546e-07i,3.0788-0.010427i,1.395-5.1163e-05i,1.8169-0.0067593i,1.3501-1e-08i,2.1879-1.2637e-15i,3.9e-06
1.96-28.8i,1.5118-0.0054928i,2.0195-5.8626e-07i,3.0771-0.010706i,1.395-5.399e-05i,1.8148-0.006852i,1.3495-1e-08i,2.1853-7.3308e-15i,3.95e-06
2.01-29.2i,1.5102-0.0056336i,2.0181-6.1706e-07i,3.0754-0.010986i,1.395-5.79e-05i,1.8127-0.0069279i,1.3488-1e-08i,2.1826-3.8384e-14i,4e-06
2.06-29.5i,1.5087-0.0057745i,2.0166-6.4786e-07i,3.0736-0.011305i,1.395-7.1315e-05i,1.8106-0.0069867i,1.3482-1e-08i,2.1799-1.8795e-13i,4.05e-06
2.11-29.9i,1.5071-0.0059153i,2.0151-6.7867e-07i,3.0719-0.01169i,1.3925-8.5639e-05i,1.8084-0.0070305i,1.3475-1e-08i,2.1771-8.7805e-13i,4.1e-06
2.17-30.3i,1.5056-0.0060561i,2.0135-7.0947e-07i,3.0701-0.012075i,1.3854-0.00010158i,1.8062-0.0070595i,1.3469-1e-08i,2.1743-3.7042e-12i,4.15e-06
2.21-30.633i,1.504-0.006197i,2.012-7.4027e-07i,3.0683-0.012461i,1.383-0.00011638i,1.8039-0.0070759i,1.3462-1e-08i,2.1714-1.4436e-11i,4.2e-06
2.265-31i,1.5025-0.0063378i,2.0104-7.7108e-07i,3.0665-0.012846i,1.383-0.00013058i,1.8015-0.0070798i,1.3455-1e-08i,2.1685-5.1977e-11i,4.25e-06
2.32-31.367i,1.5009-0.0064787i,2.0088-8.0188e-07i,3.0648-0.013244i,1.383-0.00017119i,1.7992-0.0070734i,1.3448-1e-08i,2.1656-1.7512e-10i,4.3e-06
2.37-31.7i,1.4994-0.0066195i,2.0072-8.3268e-07i,3.0629-0.01377i,1.383-0.00021517i,1.7967-0.0070569i,1.3441-1e-08i,2.1626-5.5228e-10i,4.35e-06
2.4267-32.033i,1.4978-0.0067604i,2.0055-8.6349e-07i,3.0611-0.014297i,1.383-0.00026658i,1.7942-0.0070324i,1.3434-1e-08i,2.1596-1.6423e-09i,4.4e-06
2.48-32.4i,1.4963-0.0069012i,2.0038-8.9429e-07i,3.0593-0.014823i,1.383-0.000284i,1.7917-0.0070001i,1.3426-1e-08i,2.1565-4.6074e-09i,4.45e-06
2.54-32.8i,1.4947-0.007042i,2.0022-9.2509e-07i,3.0575-0.015349i,1.3809-0.00028071i,1.7891-0.0069619i,1.3419-1e-08i,2.1533-1.2239e-08i,4.5e-06
2.5967-33.133i,1.4932-0.0071829i,2.0005-9.559e-07i,3.0557-0.015876i,1.365-0.00025628i,1.7864-0.0069182i,1.3412-1e-08i,2.1502-3.0811e-08i,4.55e-06
2.64-33.5i,1.4916-0.0073237i,1.9987-9.867e-07i,3.0539-0.016402i,1.365-0.00025911i,1.7836-0.0068705i,1.3404-1e-08i,2.1469-7.3641e-08i,4.6e-06
2.7067-33.833i,1.4901-0.0074646i,1.997-1.0175e-06i,3.052-0.016929i,1.365-0.00026194i,1.7808-0.0068193i,1.3396-1e-08i,2.1436-1.6805e-07i,4.65e-06
2.76-34.2i,1.4885-0.0076054i,1.9952-1.0483e-06i,3.0502-0.017468i,1.365-0.00036044i,1.778-0.0067658i,1.3389-1e-08i,2.1403-3.6947e-07i,4.7e-06
2.82-34.55i,1.487-0.0077462i,1.9934-1.0791e-06i,3.0483-0.018082i,1.365-0.00046089i,1.7751-0.0067106i,1.3381-1e-08i,2.1368-7.8535e-07i,4.75e-06
2.88-34.9i,1.4854-0.0078871i,1.9916-1.1099e-06i,3.0463-0.018695i,1.365-0.00092233i,1.7721-0.0066547i,1.3373-7.5607e-08i,2.1334-1.5955e-06i,4.8e-06
2.9367-35.267i,1.4839-0.0080279i,1.9897-1.1407e-06i,3.0444-0.019309i,1.365-0.0014978i,1.769-0.0065988i,1.3365-1.6171e-07i,2.1298-3.113e-06i,4.85e-06
3-35.625i,1.4823-0.0081688i,1.9879-1.1715e-06i,3.0424-0.019923i,1.3609-0.0022095i,1.7658-0.0065435i,1.3357-2.478e-07i,2.1262-5.8144e-06i,4.9e-06
3.05-36i,1.4808-0.0083096i,1.986-1.2023e-06i,3.0404-0.020536i,1.3514-0.0030948i,1.7626-0.0064896i,1.3349-3.339e-07i,2.1225-1.0517e-05i,4.95e-06
3.1167-36.3i,1.4792-0.0084504i,1.9841-1.2331e-06i,3.0385-0.02115i,1.342-0.00398i,1.7593-0.0064377i,1.334-4.2e-07i,2.1188-1.8656e-05i,5e-06
3.1875-36.725i,1.4792-0.0084504i,1.9714-0.002074i,3.0365-0.021763i,1.342-0.0048848i,1.7559-0.0063884i,1.3332-4.902e-07i,2.115-3.1875e-05i,5.05e-06
3.25-37.1i,1.4792-0.0084504i,1.9587-0.0041467i,3.0346-0.022377i,1.342-0.0051542i,1.7525-0.0063422i,1.3323-5.6041e-07i,2.1111-5.2467e-05i,5.1e-06
3.3125-37.475i,1.4784-0.0084553i,1.9568-0.0042823i,3.0324-0.02318i,1.342-0.0052305i,1.7489-0.0062998i,1.3315-6.4037e-07i,2.1071-8.4718e-05i,5.15e-06
3.37-37.82i,1.4774-0.0084609i,1.9549-0.0044179i,3.0302-0.023984i,1.342-0.0053453i,1.7453-0.0062615i,1.3306-7.3296e-07i,2.103-0.00013322i,5.2e-06
3.43-38.15i,1.4764-0.0084665i,1.9529-0.00456i,3.028-0.024789i,1.342-0.0054601i,1.7416-0.0062282i,1.3297-8.2556e-07i,2.0988-0.00020285i,5.25e-06
3.4975-38.525i,1.4754-0.0084721i,1.951-0.0047021i,3.0259-0.025593i,1.342-0.0055957i,1.7377-0.0062i,1.3288-9.4058e-07i,2.0945-0.00030303i,5.3e-06
3.558-38.84i,1.4744-0.0084782i,1.949-0.004851i,3.0237-0.026398i,1.342-0.0056971i,1.7338-0.0061778i,1.3279-1.0636e-06i,2.0901-0.00044243i,5.35e-06
3.63-39.2i,1.4732-0.008485i,1.947-0.0049999i,3.0215-0.027202i,1.342-0.0057179i,1.7297-0.0061617i,1.327-1.1867e-06i,2.0857-0.00062815i,5.4e-06
3.69-39.5i,1.472-0.0084918i,1.9449-0.0051558i,3.0193-0.028006i,1.3313-0.0056932i,1.7256-0.0061528i,1.326-1.3485e-06i,2.0811-0.00088039i,5.45e-06
3.762-39.96i,1.4708-0.0085176i,1.9429-0.0053118i,3.0171-0.028811i,1.3194-0.0056634i,1.7213-0.006151i,1.3251-1.5149e-06i,2.0764-0.0012036i,5.5e-06
3.824-40.26i,1.4697-0.0085634i,1.9408-0.005475i,3.015-0.029615i,1.3074-0.0056336i,1.717-0.0061575i,1.3242-1.6814e-06i,2.0716-0.0016158i,5.55e-06
3.892-40.58i,1.4687-0.0086091i,1.9387-0.0056382i,3.0128-0.030442i,1.306-0.00563i,1.7125-0.0061725i,1.3232-1.9238e-06i,2.0667-0.0021315i,5.6e-06
3.9575-40.975i,1.4676-0.0086548i,1.9365-0.0058089i,3.0103-0.031597i,1.306-0.00563i,1.7078-0.0061973i,1.3222-2.1759e-06i,2.0617-0.0027577i,5.65e-06
4.0333-41.333i,1.4666-0.0087006i,1.9344-0.0059796i,3.0078-0.032751i,1.306-0.00563i,1.7031-0.006232i,1.3212-2.4279e-06i,2.0567-0.0035181i,5.7e-06
4.094-41.66i,1.4655-0.0087464i,1.9322-0.0061582i,3.0054-0.033906i,1.3-0.0056964i,1.6982-0.0062784i,1.3202-2.7336e-06i,2.0516-0.0044053i,5.75e-06
4.164-41.98i,1.4645-0.0087924i,1.93-0.0063367i,3.0029-0.035061i,1.2917-0.0057887i,1.6931-0.0063366i,1.3192-3.0608e-06i,2.0465-0.0054473i,5.8e-06
4.236-42.38i,1.4634-0.0088384i,1.9277-0.0065233i,3.0005-0.036216i,1.2833-0.005881i,1.6879-0.0064092i,1.3182-3.388e-06i,2.0414-0.0066238i,5.85e-06
4.3133-42.767i,1.4624-0.0088845i,1.9255-0.00671i,2.998-0.03737i,1.278-0.0059782i,1.6825-0.0064964i,1.3172-3.7481e-06i,2.0363-0.0079573i,5.9e-06
4.38-43.1i,1.4619-0.0089348i,1.9232-0.006905i,2.9956-0.038525i,1.278-0.0060844i,1.677-0.0066016i,1.3161-4.169e-06i,2.0312-0.0094208i,5.95e-06
4.45-43.4i,1.4619-0.0089833i,1.9209-0.0071i,2.9931-0.03968i,1.278-0.0061905i,1.6712-0.0067256i,1.3151-4.5899e-06i,2.0262-0.011021i,6e-06
4.525-43.733i,1.46-0.0090433i,1.9185-0.0073038i,2.9907-0.040834i,1.278-0.0062966i,1.6653-0.006873i,1.314-5.0108e-06i,2.0213-0.012732i,6.05e-06
4.604-44.12i,1.4564-0.0091145i,1.9162-0.0075075i,2.9882-0.041989i,1.278-0.0063787i,1.6592-0.0070453i,1.3129-5.5785e-06i,2.0165-0.014538i,6.1e-06
4.68-44.467i,1.4528-0.0091862i,1.9138-0.0077202i,2.9858-0.043144i,1.278-0.006454i,1.6528-0.0072491i,1.3118-6.1856e-06i,2.0119-0.016418i,6.15e-06
4.75-44.85i,1.4491-0.0092583i,1.9114-0.007933i,2.9833-0.044298i,1.2593-0.0064887i,1.6462-0.007487i,1.3107-6.7928e-06i,2.0073-0.018342i,6.2e-06
4.82-45.233i,1.4455-0.009331i,1.9089-0.0081551i,2.9809-0.045453i,1.239-0.00652i,1.6394-0.0077684i,1.3096-7.4e-06i,2.0029-0.020285i,6.25e-06
4.8967-45.567i,1.4418-0.0094135i,1.9064-0.0083772i,2.9781-0.046943i,1.2323-0.0065324i,1.6323-0.0080974i,1.3085-8.2929e-06i,1.9987-0.022214i,6.3e-06
4.98-45.9i,1.4384-0.0094971i,1.9039-0.008609i,2.9753-0.048542i,1.2256-0.0065448i,1.625-0.0084875i,1.3073-9.1857e-06i,1.9945-0.0241i,6.35e-06
5.0443-46.257i,1.4352-0.0095794i,1.9014-0.0088408i,2.9724-0.050141i,1.219-0.0065571i,1.6173-0.0089446i,1.3062-1.0079e-05i,1.9906-0.025911i,6.4e-06
5.12-46.6i,1.432-0.0096622i,1.8988-0.0090826i,2.9696-0.05174i,1.2123-0.0065695i,1.6093-0.009488i,1.305-1.0971e-05i,1.9867-0.027627i,6.45e-06
5.1986-46.943i,1.4288-0.0097453i,1.8963-0.0093245i,2.9667-0.053338i,1.2037-0.0067017i,1.6011-0.010126i,1.3038-1.2125e-05i,1.983-0.029207i,6.5e-06
5.27-47.3i,1.4255-0.010011i,1.8936-0.0095767i,2.9639-0.054937i,1.1951-0.0068389i,1.5924-0.010885i,1.3026-1.3287e-05i,1.9793-0.030638i,6.55e-06
5.3617-47.633i,1.4223-0.01116i,1.891-0.009829i,2.961-0.056536i,1.1865-0.0069761i,1.5834-0.011775i,1.3014-1.445e-05i,1.9757-0.031909i,6.6e-06
5.4429-47.986i,1.4191-0.012352i,1.8883-0.010092i,2.9582-0.058135i,1.1779-0.0071133i,1.574-0.012834i,1.3002-1.5612e-05i,1.9721-0.032985i,6.65e-06
5.5214-48.343i,1.4161-0.013547i,1.8856-0.010355i,2.9553-0.059734i,1.1688-0.00716i,1.5642-0.014074i,1.2989-1.7159e-05i,1.9686-0.033862i,6.7e-06
5.6-48.7i,1.4134-0.014515i,1.8829-0.01063i,2.9525-0.061333i,1.1593-0.00716i,1.554-0.015542i,1.2977-1.8899e-05i,1.965-0.034547i,6.75e-06
5.6786-49.057i,1.4106-0.014597i,1.8801-0.010904i,2.9496-0.062932i,1.1473-0.00716i,1.5433-0.017254i,1.2964-2.0639e-05i,1.9614-0.035028i,6.8e-06
5.7614-49.414i,1.4078-0.014679i,1.8773-0.01119i,2.9468-0.06453i,1.135-0.0071881i,1.5322-0.01927i,1.2951-2.2378e-05i,1.9577-0.035288i,6.85e-06
5.845-49.763i,1.405-0.014762i,1.8745-0.011476i,2.9439-0.066129i,1.1332-0.00851i,1.5206-0.021608i,1.2939-2.4179e-05i,1.9539-0.035357i,6.9e-06
5.92-50.075i,1.4019-0.014849i,1.8716-0.011774i,2.9411-0.067728i,1.1056-0.00851i,1.5086-0.02434i,1.2925-2.6819e-05i,1.9499-0.035243i,6.95e-06
6.0057-50.414i,1.3982-0.014941i,1.8688-0.012072i,2.9381-0.069482i,1.0939-0.00851i,1.496-0.027485i,1.2912-2.9458e-05i,1.9458-0.034942i,7e-06
6.0963-50.763i,1.3946-0.015034i,1.8658-0.012383i,2.9345-0.071606i,1.0815-0.0086755i,1.483-0.031132i,1.2899-3.2097e-05i,1.9416-0.034464i,7.05e-06
6.1775-51.075i,1.391-0.015097i,1.8629-0.012693i,2.931-0.073729i,1.0662-0.0097102i,1.4695-0.035295i,1.2885-3.4736e-05i,1.9371-0.033839i,7.1e-06
6.2588-51.425i,1.3866-0.015145i,1.8599-0.013017i,2.9275-0.075852i,1.0503-0.0106i,1.4556-0.040079i,1.2872-3.7537e-05i,1.9325-0.033079i,7.15e-06
6.34-51.8i,1.382-0.015196i,1.8569-0.013341i,2.924-0.077976i,1.0314-0.0106i,1.4411-0.045495i,1.286-4.1318e-05i,1.9276-0.032201i,7.2e-06
6.4275-52.112i,1.3773-0.015247i,1.8539-0.013678i,2.9205-0.080099i,1.0124-0.0106i,1.4263-0.051661i,1.2848-4.5098e-05i,1.9225-0.031206i,7.25e-06
6.515-52.45i,1.3714-0.015312i,1.8508-0.014015i,2.917-0.082222i,0.9919-0.0106i,1.411-0.058584i,1.2836-4.8879e-05i,1.9172-0.030127i,7.3e-06
6.6025-52.825i,1.3653-0.015382i,1.8477-0.014366i,2.9135-0.084346i,0.97143-0.0106i,1.3953-0.066393i,1.2824-5.266e-05i,1.9116-0.028978i,7.35e-06
6.6867-53.167i,1.3591-0.015452i,1.8446-0.014718i,2.91-0.086469i,0.95157-0.014256i,1.3793-0.075086i,1.2812-5.644e-05i,1.9058-0.027775i,7.4e-06
6.77-53.5i,1.3546-0.015502i,1.8414-0.015084i,2.9064-0.088592i,0.92477-0.0148i,1.363-0.084805i,1.2798-6.1336e-05i,1.8997-0.026532i,7.45e-06
6.8533-53.833i,1.3509-0.015545i,1.8382-0.01545i,2.9027-0.091371i,0.89913-0.0148i,1.3465-0.095534i,1.2784-6.6426e-05i,1.8934-0.025261i,7.5e-06
6.94-54.175i,1.3469-0.015591i,1.8349-0.015831i,2.8988-0.094549i,0.87355-0.0148i,1.3298-0.10742i,1.277-7.1515e-05i,1.8868-0.023976i,7.55e-06
7.04-54.55i,1.3421-0.015647i,1.8317-0.016212i,2.8949-0.097727i,0.84399-0.0148i,1.313-0.12044i,1.2756-7.6605e-05i,1.88-0.02269i,7.6e-06
7.128-54.88i,1.3373-0.016682i,1.8283-0.016609i,2.891-0.1009i,0.80767-0.020979i,1.2962-0.13474i,1.2742-8.1694e-05i,1.8729-0.021412i,7.65e-06
7.208-55.18i,1.332-0.017741i,1.825-0.017006i,2.8871-0.10408i,0.76281-0.03856i,1.2795-0.15027i,1.2728-8.7101e-05i,1.8656-0.020153i,7.7e-06
7.2967-55.533i,1.3255-0.018826i,1.8216-0.017419i,2.8832-0.10726i,0.70597-0.04706i,1.263-0.16717i,1.2713-9.4251e-05i,1.858-0.018919i,7.75e-06
7.3911-55.922i,1.319-0.019922i,1.8182-0.017833i,2.8793-0.11044i,0.64036-0.070534i,1.2468-0.18537i,1.2698-0.0001014i,1.8502-0.017718i,7.8e-06
7.4856-56.267i,1.3127-0.020887i,1.8147-0.018263i,2.8754-0.11362i,0.57613-0.11028i,1.2311-0.20501i,1.2684-0.00010855i,1.8422-0.016555i,7.85e-06
7.58-56.6i,1.3072-0.021038i,1.8112-0.018694i,2.8715-0.11679i,0.51345-0.16667i,1.216-0.22596i,1.2669-0.0001157i,1.8339-0.01544i,7.9e-06
7.67-56.95i,1.3016-0.021128i,1.8077-0.019142i,2.8676-0.11997i,0.45606-0.23808i,1.2016-0.24834i,1.2655-0.00012285i,1.8254-0.014373i,7.95e-06
7.76-57.3i,1.296-0.021219i,1.8041-0.019591i,2.8637-0.12315i,0.4113-0.323i,1.1881-0.27199i,1.264-0.00013i,1.8166-0.013357i,8e-06
7.855-57.6i,1.2904-0.021311i,1.8005-0.020058i,2.8595-0.12731i,0.3973-0.41762i,1.1756-0.29697i,1.2622-0.000139i,1.8076-0.012395i,8.05e-06
7.95-57.9i,1.2822-0.021447i,1.7969-0.020525i,2.8552-0.13147i,0.39789-0.50362i,1.1642-0.3231i,1.2604-0.000148i,1.7983-0.01149i,8.1e-06
8.045-58.25i,1.2734-0.021595i,1.7932-0.021011i,2.851-0.13563i,0.41122-0.57748i,1.1542-0.35037i,1.2586-0.000157i,1.7889-0.010644i,8.15e-06
8.14-58.6i,1.2645-0.021747i,1.7895-0.021497i,2.8468-0.13979i,0.43379-0.63804i,1.1455-0.37859i,1.2568-0.000166i,1.7791-0.0098592i,8.2e-06
8.2309-58.918i,1.2567-0.021882i,1.7857-0.022004i,2.8426-0.14395i,0.44857-0.68878i,1.1385-0.40768i,1.255-0.000175i,1.7691-0.0091381i,8.25e-06
8.3218-59.236i,1.2503-0.021995i,1.7819-0.02251i,2.8383-0.14812i,0.4566-0.73849i,1.1329-0.43742i,1.2532-0.00018401i,1.7589-0.0084833i,8.3e-06
8.4164-59.591i,1.2438-0.02211i,1.778-0.023038i,2.8341-0.15228i,0.46316-0.78776i,1.1291-0.46772i,1.2514-0.00019415i,1.7484-0.0078979i,8.35e-06
8.5118-59.955i,1.2373-0.022226i,1.7742-0.023565i,2.8298-0.15692i,0.47244-0.83704i,1.1269-0.49836i,1.2498-0.00020656i,1.7376-0.0073857i,8.4e-06
8.6073-60.291i,1.2291-0.022374i,1.7702-0.024115i,2.8255-0.16213i,0.47404-0.88113i,1.1264-0.52921i,1.2481-0.00021898i,1.7266-0.0069516i,8.45e-06
8.7027-60.609i,1.219-0.02256i,1.7663-0.024664i,2.8212-0.16734i,0.47147-0.92904i,1.1276-0.5601i,1.2465-0.0002314i,1.7152-0.0066012i,8.5e-06
8.8018-60.945i,1.2088-0.022766i,1.7623-0.025236i,2.8168-0.17256i,0.46522-0.98173i,1.1304-0.59088i,1.2448-0.00024382i,1.7035-0.0063419i,8.55e-06
8.9064-61.309i,1.1985-0.023096i,1.7582-0.025809i,2.8125-0.17777i,0.45894-1.0439i,1.1348-0.62143i,1.2432-0.00025623i,1.6915-0.0061822i,8.6e-06
9.0092-61.667i,1.1889-0.023431i,1.7541-0.026405i,2.8082-0.18298i,0.44648-1.1087i,1.1407-0.65162i,1.2415-0.00026865i,1.6792-0.0061325i,8.65e-06
9.105-62i,1.1809-0.02371i,1.75-0.027001i,2.8038-0.1882i,0.42883-1.1779i,1.148-0.68137i,1.2398-0.00028174i,1.6666-0.0062052i,8.7e-06
9.2008-62.333i,1.1729-0.023873i,1.7458-0.027622i,2.7995-0.19384i,0.40291-1.2766i,1.1567-0.71056i,1.2378-0.00030198i,1.6536-0.0064147i,8.75e-06
9.3-62.667i,1.1648-0.024038i,1.7416-0.028243i,2.7952-0.2002i,0.37886-1.3954i,1.1666-0.73916i,1.2358-0.00032223i,1.6402-0.0067777i,8.8e-06
9.4-63i,1.1552-0.025839i,1.7373-0.028891i,2.7909-0.20656i,0.3563-1.53i,1.1777-0.76705i,1.2338-0.00034247i,1.6264-0.0073133i,8.85e-06
9.5017-63.333i,1.1454-0.028215i,1.733-0.029538i,2.7866-0.21292i,0.36529-1.7325i,1.19-0.79425i,1.2317-0.00036271i,1.6122-0.0080433i,8.9e-06
9.6058-63.667i,1.1355-0.030635i,1.7286-0.030212i,2.7823-0.21927i,0.4267-1.9603i,1.2032-0.82066i,1.2297-0.00038296i,1.5976-0.008992i,8.95e-06
9.71-64i,1.1255-0.033098i,1.7242-0.030887i,2.7779-0.22563i,0.56051-2.2228i,1.2174-0.84631i,1.2277-0.0004032i,1.5826-0.010186i,9e-06
9.81-64.308i,1.1154-0.035613i,1.7197-0.03159i,2.7736-0.23199i,0.8138-2.41i,1.2325-0.87111i,1.2257-0.00042344i,1.5671-0.011657i,9.05e-06
9.91-64.615i,1.1032-0.037977i,1.7152-0.032293i,2.7696-0.23965i,1.1051-2.5587i,1.2483-0.89512i,1.2236-0.00044568i,1.5512-0.013435i,9.1e-06
10.005-64.938i,1.0906-0.040293i,1.7106-0.033025i,2.7656-0.24731i,1.4503-2.6069i,1.2649-0.91826i,1.2215-0.00047686i,1.5349-0.015558i,9.15e-06
10.094-65.285i,1.0778-0.042666i,1.706-0.033758i,2.7616-0.25496i,1.7448-2.5548i,1.2822-0.94058i,1.2195-0.00050805i,1.518-0.018063i,9.2e-06
10.182-65.631i,1.0646-0.046393i,1.7013-0.034522i,2.7576-0.26262i,1.9924-2.4103i,1.3001-0.96202i,1.2174-0.00053923i,1.5008-0.020991i,9.25e-06
10.292-65.977i,1.0513-0.051498i,1.6966-0.035286i,2.7536-0.27027i,2.2401-2.2658i,1.3185-0.98264i,1.2153-0.00057042i,1.483-0.024386i,9.3e-06
10.408-66.323i,1.0378-0.056746i,1.6918-0.036083i,2.7496-0.27793i,2.3603-2.1281i,1.3375-1.0024i,1.2132-0.0006016i,1.4648-0.028292i,9.35e-06
10.521-66.664i,1.0242-0.061787i,1.687-0.03688i,2.7456-0.28579i,2.4751-1.9907i,1.3568-1.0213i,1.2111-0.00063279i,1.4462-0.032758i,9.4e-06
10.629-66.986i,1.0104-0.066873i,1.6821-0.037711i,2.7421-0.29488i,2.59-1.8533i,1.3767-1.0394i,1.2091-0.00066397i,1.4271-0.037833i,9.45e-06
10.736-67.307i,0.9965-0.072102i,1.6772-0.038543i,2.7385-0.30397i,2.7049-1.7159i,1.3968-1.0566i,1.207-0.00069516i,1.4076-0.043569i,9.5e-06
10.843-67.629i,0.98242-0.077499i,1.6722-0.03941i,2.7349-0.31306i,2.7689-1.5729i,1.4173-1.0731i,1.2046-0.00073696i,1.3877-0.050016i,9.55e-06
10.95-67.95i,0.96832-0.084486i,1.6672-0.040277i,2.7313-0.32215i,2.7859-1.4246i,1.4381-1.0887i,1.2018-0.00078841i,1.3675-0.057253i,9.6e-06
11.057-68.271i,0.95602-0.096857i,1.662-0.041182i,2.7277-0.33124i,2.8029-1.2763i,1.4591-1.1035i,1.1991-0.00083986i,1.3469-0.065392i,9.65e-06
11.16-68.6i,0.94898-0.10894i,1.6569-0.042087i,2.7244-0.34076i,2.8199-1.1281i,1.4804-1.1175i,1.1964-0.00089131i,1.326-0.074424i,9.7e-06
11.26-68.933i,0.94192-0.12121i,1.6517-0.043032i,2.7219-0.35142i,2.837-0.97979i,1.5018-1.1307i,1.1936-0.00094276i,1.3049-0.084398i,9.75e-06
11.36-69.267i,0.92416-0.1352i,1.6464-0.043977i,2.7193-0.36209i,2.8129-0.88031i,1.5234-1.1432i,1.1909-0.0009942i,1.2837-0.095366i,9.8e-06
11.48-69.6i,0.90347-0.14844i,1.6411-0.044964i,2.7167-0.37275i,2.7831-0.78748i,1.5451-1.1549i,1.1882-0.0010457i,1.2624-0.10737i,9.85e-06
11.613-69.933i,0.8822-0.16001i,1.6357-0.04595i,2.7142-0.38342i,2.7534-0.69466i,1.5669-1.1659i,1.1855-0.0010971i,1.241-0.12045i,9.9e-06
11.747-70.267i,0.86054-0.17251i,1.6302-0.046981i,2.7116-0.39408i,2.7237-0.60183i,1.5888-1.1762i,1.1827-0.0011486i,1.2198-0.13465i,9.95e-06
11.869-70.631i,0.83822-0.18845i,1.6247-0.048012i,2.709-0.40475i,2.694-0.509i,1.6107-1.1858i,1.18-0.0012i,1.1987-0.14998i,1e-05
11.985-71.015i,0.81587-0.20574i,1.6191-0.049089i,2.7083-0.41683i,2.6467-0.45554i,1.6327-1.1946i,1.1775-0.0012735i,1.178-0.16657i,1.005e-05
12.1-71.4i,0.79359-0.22412i,1.6135-0.050166i,2.7076-0.42893i,2.5994-0.40208i,1.6546-1.2028i,1.1751-0.0013471i,1.1577-0.18442i,1.01e-05
12.2-71.65i,0.77592-0.24217i,1.6077-0.051292i,2.7069-0.44103i,2.5521-0.34862i,1.6765-1.2102i,1.1726-0.0014206i,1.138-0.20343i,1.015e-05
12.3-71.9i,0.75908-0.26128i,1.602-0.052418i,2.7061-0.45312i,2.5048-0.29515i,1.6984-1.2171i,1.1702-0.0014941i,1.119-0.22354i,1.02e-05
12.4-72.15i,0.74287-0.28175i,1.5961-0.053596i,2.7054-0.46522i,2.4575-0.24169i,1.7201-1.2233i,1.1678-0.0015864i,1.1007-0.2447i,1.025e-05
12.5-72.4i,0.72715-0.3029i,1.5902-0.054773i,2.7047-0.47732i,2.4148-0.21189i,1.7419-1.2289i,1.1655-0.0016803i,1.0834-0.26684i,1.03e-05
12.575-72.675i,0.71296-0.32432i,1.5842-0.056005i,2.704-0.48941i,2.3733-0.188i,1.7635-1.2339i,1.1631-0.0017742i,1.0671-0.28987i,1.035e-05
12.65-72.95i,0.69944-0.34624i,1.5782-0.057237i,2.7033-0.50151i,2.3319-0.16411i,1.785-1.2382i,1.1608-0.0018681i,1.0522-0.31381i,1.04e-05
12.725-73.225i,0.68919-0.37336i,1.572-0.058527i,2.7039-0.51455i,2.2904-0.14022i,1.8063-1.242i,1.1585-0.0019747i,1.0386-0.33837i,1.045e-05
12.8-73.5i,0.68285-0.40111i,1.5658-0.059816i,2.7053-0.52816i,2.2489-0.11633i,1.8276-1.2453i,1.1562-0.0020878i,1.0262-0.36337i,1.05e-05
13-74.05i,0.67939-0.42757i,1.5595-0.061167i,2.7067-0.54177i,2.2107-0.098i,1.8486-1.248i,1.154-0.0022009i,1.0152-0.38866i,1.055e-05
13.2-74.6i,0.67542-0.45182i,1.5532-0.062517i,2.7081-0.55538i,2.1775-0.088i,1.8695-1.2502i,1.1517-0.002314i,1.0055-0.4141i,1.06e-05
13.325-74.875i,0.66913-0.47155i,1.5467-0.063932i,2.7095-0.56899i,2.1443-0.078i,1.8902-1.2518i,1.1495-0.002431i,0.99715-0.43953i,1.065e-05
13.45-75.15i,0.66143-0.49269i,1.5403-0.065347i,2.7109-0.58259i,2.1111-0.068i,1.9107-1.253i,1.1473-0.0025603i,0.99035-0.46472i,1.07e-05
13.575-75.425i,0.64835-0.51862i,1.5336-0.066831i,2.7131-0.59648i,2.0779-0.058i,1.931-1.2536i,1.1452-0.0026897i,0.98472-0.48954i,1.075e-05
13.7-75.7i,0.63622-0.54477i,1.527-0.068314i,2.7171-0.61098i,2.0446-0.048i,1.9512-1.2539i,1.143-0.002819i,0.98015-0.5139i,1.08e-05
13.8-76i,0.63091-0.5735i,1.5202-0.069871i,2.7211-0.62549i,2.0155-0.046613i,1.971-1.2536i,1.1409-0.0029483i,0.97655-0.53771i,1.085e-05
13.9-76.3i,0.63133-0.59757i,1.5134-0.071427i,2.7252-0.63999i,1.9873-0.04738i,1.9907-1.2529i,1.1375-0.0030871i,0.97382-0.56091i,1.09e-05
14-76.6i,0.63222-0.62114i,1.5064-0.07306i,2.7292-0.65449i,1.9591-0.048147i,2.0101-1.2518i,1.1334-0.0032324i,0.97202-0.58322i,1.095e-05
14.1-76.9i,0.63368-0.64445i,1.4995-0.074694i,2.7333-0.669i,1.931-0.048913i,2.0292-1.2503i,1.1292-0.0033776i,0.97083-0.60475i,1.1e-05
14.2-77.2i,0.63623-0.66796i,1.4923-0.076409i,2.7403-0.68303i,1.9028-0.04968i,2.0482-1.2483i,1.1251-0.0035228i,0.97011-0.62551i,1.105e-05
14.3-77.5i,0.63876-0.69132i,1.4852-0.078125i,2.7474-0.69705i,1.8746-0.050447i,2.0668-1.246i,1.1209-0.003668i,0.96976-0.64552i,1.11e-05
14.4-77.8i,0.64136-0.71429i,1.4779-0.079928i,2.7544-0.71108i,1.8554-0.054904i,2.0852-1.2434i,1.1185-0.0038387i,0.96969-0.66475i,1.115e-05
14.5-78.1i,0.64394-0.73656i,1.4705-0.081732i,2.7615-0.7251i,1.8384-0.060284i,2.1033-1.2403i,1.1165-0.0040166i,0.96979-0.68301i,1.12e-05
14.625-78.4i,0.64673-0.75835i,1.463-0.083629i,2.7685-0.73913i,1.8214-0.065664i,2.1212-1.237i,1.1145-0.0041945i,0.96991-0.70059i,1.125e-05
14.75-78.7i,0.66779-0.79283i,1.4555-0.085526i,2.7756-0.75316i,1.8044-0.071044i,2.1388-1.2333i,1.1125-0.0043723i,0.96998-0.71755i,1.13e-05
14.875-79i,0.68901-0.82562i,1.4478-0.087523i,2.7827-0.76718i,1.7874-0.076424i,2.1561-1.2292i,1.1106-0.0045502i,0.96993-0.73392i,1.135e-05
15-79.3i,0.70416-0.8527i,1.4401-0.08952i,2.7914-0.7808i,1.7701-0.083204i,2.1731-1.2249i,1.1073-0.00475i,0.96962-0.74961i,1.14e-05
15.125-79.625i,0.71535-0.87595i,1.4322-0.091624i,2.8018-0.79402i,1.7527-0.090333i,2.1899-1.2203i,1.1035-0.0049583i,0.969-0.76483i,1.145e-05
15.25-79.95i,0.72263-0.89559i,1.4243-0.093728i,2.8122-0.80723i,1.7353-0.097463i,2.2064-1.2155i,1.0997-0.0051667i,0.96808-0.77971i,1.15e-05
15.375-80.275i,0.73029-0.91498i,1.4161-0.095947i,2.8226-0.82045i,1.7179-0.10459i,2.2225-1.2103i,1.0959-0.005375i,0.96682-0.7943i,1.155e-05
15.5-80.6i,0.74263-0.9345i,1.408-0.098166i,2.833-0.83367i,1.7004-0.11172i,2.2384-1.2049i,1.0921-0.0055833i,0.96511-0.80865i,1.16e-05
15.625-80.925i,0.75482-0.95302i,1.3996-0.10051i,2.8434-0.84688i,1.6842-0.12154i,2.254-1.1993i,1.0884-0.0057953i,0.96296-0.82291i,1.165e-05
15.75-81.25i,0.76488-0.96967i,1.3913-0.10285i,2.854-0.85996i,1.6695-0.13538i,2.2694-1.1934i,1.0848-0.0060119i,0.96046-0.83718i,1.17e-05
15.875-81.575i,0.78985-0.99789i,1.3827-0.10533i,2.8675-0.87109i,1.6549-0.14923i,2.2844-1.1873i,1.0812-0.0062285i,0.95763-0.85152i,1.175e-05
16-81.9i,0.83497-1.042i,1.3741-0.1078i,2.8811-0.88222i,1.6426-0.16686i,2.2991-1.181i,1.0776-0.0064451i,0.9544-0.86606i,1.18e-05
16.15-82.25i,0.85224-1.0638i,1.3653-0.11042i,2.8946-0.89335i,1.6308-0.18543i,2.3136-1.1745i,1.074-0.0066617i,0.95092-0.88088i,1.185e-05
16.3-82.6i,0.86218-1.0786i,1.3565-0.11304i,2.9082-0.90448i,1.619-0.204i,2.3277-1.1678i,1.0704-0.0068783i,0.94728-0.89598i,1.19e-05
16.45-82.95i,0.87215-1.093i,1.3474-0.11581i,2.9217-0.91561i,1.6177-0.225i,2.3416-1.1609i,1.0653-0.0071328i,0.94353-0.9114i,1.195e-05
16.6-83.3i,0.88599-1.1104i,1.3384-0.11859i,2.9353-0.92674i,1.6163-0.246i,2.3552-1.1539i,1.0602-0.0073914i,0.93977-0.92736i,1.2e-05
16.725-83.65i,0.90889-1.1349i,1.329-0.12153i,2.9502-0.93388i,1.615-0.267i,2.3685-1.1466i,1.055-0.00765i,0.93613-0.94369i,1.205e-05
16.85-84i,0.92065-1.1504i,1.3197-0.12447i,2.9651-0.94098i,1.6293-0.28567i,2.3816-1.1393i,1.0498-0.0079086i,0.93265-0.96035i,1.21e-05
16.975-84.35i,0.93307-1.1664i,1.3101-0.12759i,2.98-0.94809i,1.6437-0.30433i,2.3943-1.1318i,1.0447-0.0081672i,0.92947-0.97741i,1.215e-05
17.1-84.7i,0.94699-1.182i,1.3005-0.13071i,2.995-0.9552i,1.658-0.323i,2.4068-1.1242i,1.0397-0.0084262i,0.92677-0.99481i,1.22e-05
17.2-84.933i,0.9609-1.1947i,1.2906-0.13404i,3.0099-0.9623i,1.6723-0.329i,2.419-1.1164i,1.0364-0.0086885i,0.92447-1.0124i,1.225e-05
17.3-85.167i,0.97382-1.2066i,1.2807-0.13736i,3.0248-0.96941i,1.6867-0.335i,2.4309-1.1085i,1.0331-0.0089508i,0.9226-1.0301i,1.23e-05
17.4-85.4i,0.99103-1.2221i,1.2706-0.14089i,3.0398-0.97651i,1.701-0.341i,2.4426-1.1005i,1.0298-0.0092131i,0.92149-1.0479i,1.235e-05
17.5-85.633i,1.01-1.239i,1.2604-0.14443i,3.0547-0.98362i,1.7183-0.34167i,2.4539-1.0925i,1.0266-0.0094754i,0.9209-1.0655i,1.24e-05
17.6-85.867i,1.0282-1.2554i,1.2499-0.1482i,3.0696-0.99073i,1.7357-0.34233i,2.465-1.0843i,1.0233-0.0097377i,0.92076-1.083i,1.245e-05
17.7-86.1i,1.0461-1.2715i,1.2394-0.15198i,3.0846-0.99783i,1.753-0.343i,2.4759-1.076i,1.02-0.01i,0.92125-1.1001i,1.25e-05
17.875-86.475i,1.0567-1.2808i,1.2286-0.15601i,3.1006-1.0033i,1.7643-0.33394i,2.4865-1.0677i,1.0153-0.010312i,0.92224-1.1167i,1.255e-05
18.05-86.85i,1.0656-1.2882i,1.2178-0.16004i,3.1176-1.0072i,1.7755-0.32487i,2.4968-1.0592i,1.0107-0.010623i,0.92353-1.1329i,1.26e-05
18.225-87.225i,1.0744-1.2955i,1.2067-0.16436i,3.1347-1.0112i,1.7867-0.31581i,2.5069-1.0507i,1.006-0.010935i,0.92514-1.1485i,1.265e-05
18.4-87.6i,1.0877-1.3065i,1.1956-0.16868i,3.1517-1.0152i,1.7945-0.30425i,2.5167-1.0422i,1.0013-0.011246i,0.92695-1.1632i,1.27e-05
18.5-87.85i,1.1018-1.3184i,1.1841-0.17331i,3.1687-1.0191i,1.8014-0.29206i,2.5263-1.0336i,0.99664-0.011558i,0.92877-1.1774i,1.275e-05
18.6-88.1i,1.1174-1.3299i,1.1726-0.17794i,3.1858-1.0219i,1.8082-0.27987i,2.5356-1.0249i,0.99196-0.011869i,0.93056-1.191i,1.28e-05
18.7-88.35i,1.1337-1.3407i,1.1608-0.18291i,3.2031-1.0226i,1.8108-0.26653i,2.5447-1.0162i,0.98656-0.012258i,0.93203-1.2035i,1.285e-05
18.8-88.6i,1.1489-1.3506i,1.149-0.18789i,3.2204-1.0233i,1.8105-0.25241i,2.5535-1.0075i,0.98062-0.012703i,0.93319-1.2156i,1.29e-05
18.9-88.85i,1.1643-1.359i,1.1368-0.19325i,3.2377-1.0239i,1.8102-0.23829i,2.5621-0.99874i,0.97469-0.013148i,0.93398-1.227i,1.295e-05
19-89.1i,1.1806-1.3645i,1.1246-0.19861i,3.255-1.0246i,1.8082-0.22494i,2.5705-0.98995i,0.96875-0.013593i,0.93388-1.2377i,1.3e-05
19.175-89.5i,1.1961-1.3693i,1.112-0.2044i,3.271-1.0226i,1.7991-0.21465i,2.5786-0.98113i,0.96282-0.014039i,0.93319-1.2481i,1.305e-05
19.35-89.9i,1.2127-1.3738i,1.0995-0.21019i,3.2869-1.0206i,1.7899-0.20435i,2.5866-0.9723i,0.95688-0.014484i,0.93186-1.2581i,1.31e-05
19.525-90.3i,1.2296-1.3787i,1.0865-0.21646i,3.3028-1.0186i,1.7808-0.19406i,2.5942-0.96345i,0.95095-0.014929i,0.9292-1.2679i,1.315e-05
19.7-90.7i,1.2464-1.3837i,1.0735-0.22273i,3.3187-1.0166i,1.7736-0.18847i,2.6017-0.9546i,0.94528-0.015354i,0.9258-1.2776i,1.32e-05
19.833-90.983i,1.2629-1.3886i,1.0602-0.22952i,3.3347-1.0146i,1.7668-0.18406i,2.609-0.94573i,0.93966-0.015775i,0.92156-1.2873i,1.325e-05
19.967-91.267i,1.2792-1.3935i,1.0468-0.23632i,3.3506-1.0125i,1.7601-0.17965i,2.616-0.93687i,0.93404-0.016197i,0.91586-1.2974i,1.33e-05
20.1-91.55i,1.294-1.3952i,1.0331-0.24372i,3.366-1.0095i,1.7535-0.17613i,2.6229-0.92801i,0.92843-0.016618i,0.90942-1.3078i,1.335e-05
20.233-91.833i,1.3093-1.3964i,1.0194-0.25111i,3.3807-1.0049i,1.7472-0.17396i,2.6295-0.91916i,0.92281-0.017039i,0.90204-1.3188i,1.34e-05
20.367-92.117i,1.3237-1.397i,1.0052-0.25917i,3.3954-1.0003i,1.7409-0.17178i,2.6359-0.91032i,0.91719-0.017461i,0.89344-1.3307i,1.345e-05
20.5-92.4i,1.3379-1.3975i,0.9911-0.26724i,3.41-0.99561i,1.7346-0.16961i,2.6422-0.90149i,0.91157-0.017882i,0.88426-1.3432i,1.35e-05
20.617-92.683i,1.352-1.3979i,0.97661-0.27605i,3.4247-0.99097i,1.7283-0.16743i,2.6482-0.89268i,0.9052-0.018384i,0.87424-1.3569i,1.355e-05
20.733-92.967i,1.3665-1.3977i,0.96211-0.28486i,3.4394-0.98632i,1.722-0.16526i,2.6541-0.88389i,0.89853-0.018917i,0.86355-1.3719i,1.36e-05
20.85-93.25i,1.3806-1.3973i,0.94727-0.29451i,3.4527-0.98046i,1.7157-0.16309i,2.6597-0.87512i,0.89187-0.019451i,0.85253-1.3878i,1.365e-05
20.967-93.533i,1.3946-1.3969i,0.93244-0.30416i,3.4647-0.97343i,1.7093-0.16091i,2.6652-0.86638i,0.8852-0.019984i,0.84109-1.4054i,1.37e-05
21.083-93.817i,1.4072-1.3947i,0.91731-0.31474i,3.4767-0.96639i,1.703-0.15874i,2.6705-0.85766i,0.87853-0.020517i,0.82959-1.4244i,1.375e-05
21.2-94.1i,1.4199-1.3923i,0.90218-0.32533i,3.4887-0.95936i,1.6969-0.157i,2.6756-0.84898i,0.87187-0.021051i,0.81807-1.4443i,1.38e-05
21.35-94.383i,1.4326-1.3899i,0.88682-0.33695i,3.5008-0.95232i,1.6914-0.157i,2.6806-0.84033i,0.8652-0.021584i,0.8069-1.4664i,1.385e-05
21.5-94.667i,1.446-1.3885i,0.87146-0.34857i,3.5128-0.94528i,1.6859-0.157i,2.6854-0.83172i,0.85806-0.022194i,0.79608-1.4895i,1.39e-05
21.65-94.95i,1.4584-1.391i,0.85598-0.36133i,3.5248-0.93825i,1.6804-0.157i,2.69-0.82314i,0.84924-0.023076i,0.78572-1.5138i,1.395e-05
21.8-95.233i,1.4707-1.3937i,0.84049-0.37408i,3.5368-0.93121i,1.6749-0.157i,2.6944-0.81461i,0.84043-0.023957i,0.77637-1.5398i,1.4e-05
21.95-95.517i,1.4842-1.3979i,0.825-0.38807i,3.5447-0.92367i,1.6694-0.157i,2.6987-0.80612i,0.83161-0.024839i,0.76757-1.5666i,1.405e-05
22.1-95.8i,1.4978-1.4022i,0.80951-0.40205i,3.5526-0.91612i,1.6639-0.157i,2.7029-0.79767i,0.8228-0.02572i,0.75998-1.5947i,1.41e-05
22.233-96.1i,1.5116-1.4064i,0.79418-0.41734i,3.5605-0.90857i,1.6584-0.157i,2.7068-0.78927i,0.81398-0.026602i,0.7535-1.6238i,1.415e-05
22.367-96.4i,1.527-1.4078i,0.77885-0.43262i,3.5684-0.90102i,1.6529-0.157i,2.7107-0.78091i,0.80516-0.027484i,0.74774-1.6534i,1.42e-05
22.5-96.7i,1.5382-1.404i,0.76387-0.44925i,3.5763-0.89348i,1.6474-0.157i,2.7144-0.77261i,0.79635-0.028365i,0.74395-1.6842i,1.425e-05
22.633-97i,1.5511-1.3987i,0.74888-0.46587i,3.5842-0.88593i,1.6421-0.15721i,2.7179-0.76435i,0.78733-0.0294i,0.74092-1.7153i,1.43e-05
22.767-97.3i,1.5655-1.3922i,0.73445-0.48383i,3.592-0.87838i,1.6378-0.15827i,2.7213-0.75615i,0.77781-0.030829i,0.73932-1.7469i,1.435e-05
22.9-97.6i,1.5743-1.391i,0.72002-0.50178i,3.5999-0.87083i,1.6335-0.15933i,2.7246-0.748i,0.76829-0.032257i,0.73921-1.7788i,1.44e-05
23.05-97.917i,1.5833-1.3908i,0.70636-0.521i,3.6078-0.86329i,1.6292-0.16038i,2.7277-0.7399i,0.75876-0.033686i,0.73983-1.8109i,1.445e-05
23.2-98.233i,1.5923-1.3907i,0.6927-0.54022i,3.6157-0.85574i,1.6248-0.16144i,2.7307-0.73186i,0.74924-0.035114i,0.74257-1.8432i,1.45e-05
23.35-98.55i,1.6044-1.3904i,0.67999-0.56058i,3.6236-0.84819i,1.6205-0.1625i,2.7336-0.72388i,0.73971-0.036543i,0.74606-1.8754i,1.455e-05
23.5-98.867i,1.6255-1.3841i,0.66728-0.58094i,3.6315-0.84064i,1.6162-0.16356i,2.7363-0.71596i,0.73019-0.037971i,0.7509-1.9076i,1.46e-05
23.65-99.183i,1.6394-1.3838i,0.65569-0.60228i,3.6393-0.8331i,1.6118-0.16462i,2.7389-0.7081i,0.72067-0.0394i,0.7571-1.9395i,1.465e-05
23.8-99.5i,1.6493-1.382i,0.64409-0.62362i,3.6472-0.82555i,1.6075-0.16567i,2.7414-0.70029i,0.71114-0.040829i,0.76395-1.9712i,1.47e-05
23.925-99.812i,1.6587-1.3798i,0.6337-0.64575i,3.6551-0.818i,1.6032-0.16673i,2.7438-0.69255i,0.70013-0.043072i,0.77267-2.0024i,1.475e-05
24.05-100.13i,1.6681-1.3776i,0.62331-0.66787i,3.663-0.81045i,1.5989-0.16779i,2.7461-0.68487i,0.68892-0.045426i,0.78192-2.0334i,1.48e-05
24.175-100.44i,1.681-1.3725i,0.61416-0.69059i,3.6709-0.80291i,1.595-0.16898i,2.7482-0.67725i,0.67771-0.04778i,0.79242-2.0639i,1.485e-05
24.3-100.75i,1.6956-1.3671i,0.60502-0.7133i,3.6788-0.79536i,1.5912-0.17021i,2.7503-0.66969i,0.6665-0.050135i,0.80384-2.0937i,1.49e-05
24.425-101.06i,1.71-1.3622i,0.59712-0.73641i,3.6866-0.78781i,1.5874-0.17144i,2.7522-0.6622i,0.65529-0.052489i,0.81594-2.1232i,1.495e-05
24.55-101.38i,1.7203-1.3607i,0.58922-0.75952i,3.6945-0.78026i,1.5837-0.17267i,2.754-0.65476i,0.64408-0.054843i,0.82929-2.1518i,1.5e-05
24.675-101.69i,1.7289-1.3584i,0.58251-0.78287i,3.6992-0.77196i,1.5799-0.17389i,2.7557-0.64743i,0.63287-0.057197i,0.84301-2.1801i,1.505e-05
24.8-102i,1.7374-1.356i,0.57581-0.80622i,3.7039-0.76365i,1.5761-0.17512i,2.7574-0.6401i,0.62166-0.059552i,0.85784-2.2074i,1.51e-05
24.967-102.33i,1.7459-1.3537i,0.57023-0.82969i,3.7085-0.75534i,1.5724-0.17635i,2.7589-0.63289i,0.61045-0.061906i,0.87311-2.2341i,1.515e-05
25.133-102.67i,1.7552-1.3508i,0.56466-0.85316i,3.7132-0.74703i,1.5686-0.17758i,2.7604-0.62569i,0.59579-0.066871i,0.88905-2.2602i,1.52e-05
25.3-103i,1.7653-1.3477i,0.56014-0.87665i,3.7178-0.73872i,1.5648-0.17881i,2.7617-0.61862i,0.58099-0.071945i,0.90561-2.2853i,1.525e-05
25.467-103.33i,1.7754-1.3449i,0.55561-0.90013i,3.7225-0.73041i,1.561-0.18004i,2.763-0.61155i,0.56619-0.077019i,0.9225-2.31i,1.53e-05
25.633-103.67i,1.7856-1.3422i,0.55207-0.92358i,3.7272-0.7221i,1.5573-0.18126i,2.7641-0.60461i,0.5514-0.082093i,0.94009-2.3335i,1.535e-05
25.8-104i,1.7975-1.3373i,0.54852-0.94702i,3.7318-0.71379i,1.5533-0.18265i,2.7653-0.59767i,0.5366-0.087167i,0.95784-2.3567i,1.54e-05
25.938-104.25i,1.8162-1.327i,0.54588-0.97037i,3.7365-0.70548i,1.549-0.18426i,2.7662-0.59086i,0.5218-0.092241i,0.97612-2.3787i,1.545e-05
26.075-104.5i,1.8255-1.3238i,0.54324-0.99372i,3.741-0.69721i,1.5447-0.18587i,2.7672-0.58405i,0.507-0.097315i,0.99457-2.4001i,1.55e-05
26.212-104.75i,1.8317-1.323i,0.54144-1.017i,3.7436-0.68984i,1.5405-0.18748i,2.768-0.57738i,0.4922-0.10239i,1.0133-2.4207i,1.555e-05
26.35-105i,1.8379-1.3222i,0.53964-1.0402i,3.7461-0.68248i,1.5362-0.1891i,2.7688-0.57071i,0.4774-0.10746i,1.0322-2.4406i,1.56e-05
26.487-105.25i,1.8442-1.3214i,0.53864-1.0633i,3.7486-0.67512i,1.5319-0.19071i,2.7695-0.56417i,0.46058-0.11645i,1.0513-2.4598i,1.565e-05
26.625-105.5i,1.8514-1.3199i,0.53764-1.0864i,3.7511-0.66776i,1.5276-0.19232i,2.7702-0.55763i,0.44173-0.12935i,1.0704-2.4781i,1.57e-05
26.762-105.75i,1.864-1.3144i,0.5374-1.1093i,3.7536-0.66039i,1.5234-0.19394i,2.7707-0.55122i,0.42288-0.14224i,1.0896-2.496i,1.575e-05
26.9-106i,1.8757-1.3076i,0.53716-1.1323i,3.7562-0.65303i,1.5191-0.19555i,2.7712-0.54481i,0.40403-0.15514i,1.1089-2.5127i,1.58e-05
27.05-106.25i,1.8868-1.301i,0.53766-1.1551i,3.7587-0.64567i,1.5148-0.19716i,2.7716-0.53853i,0.38518-0.16804i,1.1281-2.5292i,1.585e-05
27.2-106.5i,1.8948-1.2965i,0.53815-1.1779i,3.7612-0.6383i,1.5105-0.19877i,2.772-0.53226i,0.36633-0.18093i,1.1472-2.5446i,1.59e-05
27.35-106.75i,1.9025-1.2924i,0.53938-1.2006i,3.7637-0.63094i,1.5063-0.20039i,2.7722-0.52611i,0.34748-0.19383i,1.1663-2.5597i,1.595e-05
27.5-107i,1.9102-1.2882i,0.54061-1.2232i,3.7662-0.62358i,1.502-0.202i,2.7725-0.51997i,0.32863-0.20673i,1.1852-2.5741i,1.6e-05
27.65-107.25i,1.9158-1.2855i,0.54257-1.2457i,3.7675-0.61716i,1.4981-0.20446i,2.7727-0.51395i,0.30978-0.21962i,1.2039-2.5879i,1.605e-05
27.8-107.5i,1.9202-1.282i,0.54452-1.2681i,3.7688-0.61076i,1.4942-0.20693i,2.7728-0.50794i,0.29093-0.23252i,1.2225-2.6012i,1.61e-05
27.95-107.75i,1.9243-1.2779i,0.54723-1.2904i,3.7701-0.60435i,1.4904-0.20939i,2.7728-0.50206i,0.27571-0.25015i,1.2409-2.6139i,1.615e-05
28.1-108i,1.9283-1.2739i,0.54993-1.3126i,3.7713-0.59795i,1.4865-0.21185i,2.7729-0.49617i,0.26548-0.27431i,1.2591-2.6263i,1.62e-05
28.25-108.25i,1.9327-1.2697i,0.55341-1.3346i,3.7726-0.59154i,1.4826-0.21431i,2.7728-0.49042i,0.25526-0.29848i,1.277-2.638i,1.625e-05
28.4-108.5i,1.9416-1.2625i,0.55688-1.3567i,3.7739-0.58514i,1.4787-0.21678i,2.7727-0.48466i,0.24504-0.32264i,1.2947-2.6496i,1.63e-05
28.55-108.75i,1.9514-1.2549i,0.56114-1.3783i,3.7752-0.57873i,1.4748-0.21924i,2.7725-0.47903i,0.23481-0.3468i,1.3121-2.6605i,1.635e-05
28.7-109i,1.9612-1.2473i,0.5654-1.4i,3.7765-0.57233i,1.471-0.2217i,2.7724-0.4734i,0.22459-0.37097i,1.3294-2.6713i,1.64e-05
28.85-109.25i,1.9697-1.2405i,0.57046-1.4213i,3.7777-0.56593i,1.4671-0.22416i,2.7721-0.4679i,0.21437-0.39513i,1.3461-2.6815i,1.645e-05
29-109.5i,1.9773-1.2344i,0.57552-1.4425i,3.779-0.55952i,1.4632-0.22663i,2.7718-0.46239i,0.20414-0.41929i,1.3628-2.6917i,1.65e-05
29.15-109.75i,1.9849-1.2284i,0.58138-1.4632i,3.78-0.55344i,1.4593-0.22909i,2.7715-0.45701i,0.19392-0.44346i,1.3791-2.7014i,1.655e-05
29.3-110i,1.9919-1.2224i,0.58723-1.4839i,3.7804-0.54789i,1.4554-0.23155i,2.7711-0.45163i,0.1837-0.46762i,1.3952-2.711i,1.66e-05
29.43-110.2i,1.9959-1.2182i,0.59382-1.5039i,3.7808-0.54235i,1.4516-0.23401i,2.7707-0.44638i,0.17348-0.49178i,1.4109-2.7203i,1.665e-05
29.56-110.4i,1.9999-1.2139i,0.60041-1.5239i,3.7812-0.5368i,1.4474-0.23653i,2.7702-0.44112i,0.16828-0.51322i,1.4265-2.7295i,1.67e-05
29.69-110.6i,2.004-1.2096i,0.6076-1.5429i,3.7816-0.53125i,1.4431-0.23907i,2.7697-0.43598i,0.16566-0.53326i,1.4417-2.7385i,1.675e-05
29.82-110.8i,2.008-1.2054i,0.61479-1.562i,3.782-0.52571i,1.4388-0.24161i,2.7692-0.43085i,0.16305-0.55329i,1.4567-2.7474i,1.68e-05
29.95-111i,2.0119-1.2009i,0.62236-1.5799i,3.7824-0.52016i,1.4345-0.24416i,2.7686-0.42583i,0.16044-0.57333i,1.4715-2.7561i,1.685e-05
30.08-111.2i,2.0161-1.195i,0.62994-1.5979i,3.7828-0.51461i,1.4302-0.2467i,2.768-0.42081i,0.15782-0.59336i,1.4861-2.7648i,1.69e-05
30.21-111.4i,2.0204-1.1891i,0.63756-1.6147i,3.7832-0.50907i,1.4259-0.24925i,2.7673-0.41591i,0.15521-0.6134i,1.5004-2.7734i,1.695e-05
30.34-111.6i,2.0248-1.1832i,0.64519-1.6315i,3.7836-0.50352i,1.4216-0.25179i,2.7667-0.41101i,0.1526-0.63343i,1.5145-2.7819i,1.7e-05
30.47-111.8i,2.0298-1.1771i,0.65248-1.6472i,3.7835-0.49882i,1.4173-0.25433i,2.766-0.40622i,0.14998-0.65347i,1.5285-2.7904i,1.705e-05
30.6-112i,2.0369-1.17i,0.65977-1.6629i,3.7835-0.49413i,1.413-0.25688i,2.7652-0.40144i,0.14737-0.6735i,1.5423-2.7989i,1.71e-05
30.775-112.37i,2.0439-1.163i,0.66635-1.6776i,3.7834-0.48944i,1.4087-0.25942i,2.7645-0.39677i,0.14476-0.69354i,1.5559-2.8073i,1.715e-05
30.95-112.75i,2.051-1.156i,0.67292-1.6924i,3.7834-0.48475i,1.4044-0.26196i,2.7637-0.39209i,0.14214-0.71357i,1.5694-2.8158i,1.72e-05
31.125-113.12i,2.0561-1.1501i,0.6785-1.7067i,3.7833-0.48006i,1.4-0.26455i,2.7628-0.38753i,0.14-0.73336i,1.5828-2.8242i,1.725e-05
31.3-113.5i,2.0594-1.1453i,0.68408-1.7209i,3.7833-0.47537i,1.3948-0.26729i,2.762-0.38297i,0.14-0.75203i,1.596-2.8327i,1.73e-05
31.475-113.88i,2.0628-1.1405i,0.6886-1.7352i,3.7832-0.47068i,1.3896-0.27003i,2.7611-0.37852i,0.14-0.7707i,1.6092-2.8411i,1.735e-05
31.65-114.25i,2.0661-1.1357i,0.69312-1.7494i,3.7832-0.46599i,1.3845-0.27277i,2.7602-0.37406i,0.14-0.78937i,1.6223-2.8495i,1.74e-05
31.825-114.62i,2.0694-1.1309i,0.69673-1.7641i,3.7831-0.4613i,1.3793-0.27552i,2.7593-0.36972i,0.14-0.80804i,1.6353-2.858i,1.745e-05
32-115i,2.0728-1.1261i,0.70034-1.7788i,3.7831-0.45661i,1.3742-0.27826i,2.7583-0.36537i,0.14-0.8267i,1.6483-2.8665i,1.75e-05
32.15-115.2i,2.0765-1.1214i,0.70335-1.7942i,3.783-0.45192i,1.369-0.281i,2.7573-0.36113i,0.14-0.84537i,1.6612-2.875i,1.755e-05
32.3-115.4i,2.0802-1.1167i,0.70636-1.8097i,3.7829-0.4474i,1.3638-0.28374i,2.7564-0.35689i,0.14-0.86404i,1.6742-2.8835i,1.76e-05
32.45-115.6i,2.084-1.112i,0.70916-1.8261i,3.7824-0.44333i,1.3587-0.28648i,2.7553-0.35275i,0.14-0.88271i,1.6871-2.892i,1.765e-05
32.6-115.8i,2.0877-1.1073i,0.71195-1.8425i,3.7819-0.43926i,1.3535-0.28923i,2.7543-0.34862i,0.14-0.90138i,1.7-2.9004i,1.77e-05
32.75-116i,2.0915-1.1027i,0.71491-1.8598i,3.7815-0.43519i,1.3484-0.29197i,2.7532-0.34458i,0.14-0.92005i,1.7129-2.9089i,1.775e-05
32.9-116.2i,2.0952-1.098i,0.71787-1.8771i,3.781-0.43113i,1.3432-0.29471i,2.7522-0.34054i,0.14-0.93872i,1.7258-2.9174i,1.78e-05
33.05-116.4i,2.0989-1.0934i,0.72128-1.8953i,3.7805-0.42706i,1.338-0.29745i,2.7511-0.3366i,0.14-0.95739i,1.7387-2.9259i,1.785e-05
33.2-116.6i,2.1026-1.0888i,0.7247-1.9134i,3.78-0.42299i,1.3308-0.30061i,2.75-0.33267i,0.14-0.97559i,1.7517-2.9344i,1.79e-05
33.35-116.8i,2.1063-1.0835i,0.72879-1.9322i,3.7796-0.41893i,1.3231-0.30386i,2.7489-0.32882i,0.14-0.99372i,1.7647-2.9428i,1.795e-05
33.5-117i,2.1099-1.0782i,0.73289-1.9509i,3.7791-0.41486i,1.3154-0.30712i,2.7477-0.32498i,0.14-1.0118i,1.7777-2.9512i,1.8e-05
33.66-117.3i,2.1136-1.0729i,0.73779-1.9701i,3.7785-0.41136i,1.3076-0.31038i,2.7466-0.32124i,0.14-1.03i,1.7908-2.9596i,1.805e-05
33.82-117.6i,2.1173-1.0676i,0.7427-1.9893i,3.7779-0.40786i,1.2999-0.31364i,2.7454-0.31749i,0.14-1.0481i,1.804-2.9679i,1.81e-05
33.98-117.9i,2.121-1.0623i,0.74847-2.0086i,3.7773-0.40437i,1.2922-0.31689i,2.7442-0.31383i,0.14-1.0662i,1.8172-2.9761i,1.815e-05
34.14-118.2i,2.1247-1.0571i,0.75424-2.028i,3.7767-0.40087i,1.2845-0.32015i,2.743-0.31018i,0.14-1.0844i,1.8304-2.9844i,1.82e-05
34.3-118.5i,2.1282-1.053i,0.76086-2.0473i,3.7761-0.39738i,1.2767-0.32341i,2.7418-0.30662i,0.14-1.1025i,1.8437-2.9925i,1.825e-05
34.46-118.8i,2.1316-1.0492i,0.76749-2.0666i,3.7755-0.39389i,1.269-0.32667i,2.7406-0.30305i,0.14-1.1206i,1.8571-3.0006i,1.83e-05
34.62-119.1i,2.1349-1.0455i,0.77489-2.0856i,3.7749-0.39039i,1.2613-0.32992i,2.7394-0.29958i,0.14-1.1387i,1.8705-3.0085i,1.835e-05
34.78-119.4i,2.1383-1.0417i,0.78229-2.1047i,3.7743-0.3869i,1.2535-0.33318i,2.7381-0.2961i,0.14-1.1569i,1.884-3.0165i,1.84e-05
34.94-119.7i,2.1417-1.038i,0.79033-2.1233i,3.7737-0.3834i,1.2458-0.33644i,2.7369-0.29271i,0.14-1.175i,1.8976-3.0242i,1.845e-05
35.1-120i,2.1451-1.0343i,0.79836-2.1419i,3.773-0.37991i,1.2381-0.3397i,2.7356-0.28933i,0.14-1.1931i,1.9111-3.032i,1.85e-05
35.242-120.25i,2.1485-1.0305i,0.80683-2.16i,3.7723-0.37684i,1.2301-0.3434i,2.7343-0.28602i,0.14044-1.2131i,1.9248-3.0396i,1.855e-05
35.383-120.5i,2.1521-1.0268i,0.81529-2.1781i,3.7716-0.37381i,1.2218-0.3474i,2.7331-0.28272i,0.14114-1.2341i,1.9385-3.0471i,1.86e-05
35.525-120.75i,2.1557-1.023i,0.82395-2.1957i,3.7709-0.37079i,1.2136-0.3514i,2.7318-0.2795i,0.14184-1.2552i,1.9522-3.0545i,1.865e-05
35.667-121i,2.1591-1.019i,0.83261-2.2133i,3.7702-0.36776i,1.2054-0.3554i,2.7305-0.27627i,0.14254-1.2763i,1.966-3.0618i,1.87e-05
35.808-121.25i,2.1626-1.0151i,0.84122-2.2304i,3.7694-0.36473i,1.1972-0.3594i,2.7292-0.27313i,0.14324-1.2973i,1.9799-3.069i,1.875e-05
35.95-121.5i,2.1661-1.0111i,0.84983-2.2475i,3.7687-0.36171i,1.189-0.3634i,2.7279-0.26999i,0.14395-1.3184i,1.9937-3.076i,1.88e-05
36.092-121.75i,2.1697-1.0072i,0.85823-2.2643i,3.768-0.35868i,1.1807-0.3674i,2.7266-0.26693i,0.14465-1.3395i,2.0077-3.0829i,1.885e-05
36.233-122i,2.1788-1.0007i,0.86662-2.2812i,3.7673-0.35566i,1.1725-0.3714i,2.7252-0.26387i,0.14535-1.3605i,2.0216-3.0897i,1.89e-05
36.375-122.25i,2.1899-0.99333i,0.87473-2.298i,3.7666-0.35263i,1.1643-0.3754i,2.7239-0.26088i,0.14605-1.3816i,2.0356-3.0964i,1.895e-05
36.517-122.5i,2.2004-0.98634i,0.88284-2.3149i,3.7658-0.34961i,1.1482-0.38138i,2.7226-0.2579i,0.14676-1.4027i,2.0496-3.1029i,1.9e-05
36.658-122.75i,2.2103-0.97969i,0.8907-2.3319i,3.765-0.34698i,1.1268-0.38869i,2.7212-0.25499i,0.14746-1.4237i,2.0636-3.1094i,1.905e-05
36.8-123i,2.2181-0.97397i,0.89856-2.349i,3.7642-0.34437i,1.1055-0.396i,2.7199-0.25208i,0.14816-1.4448i,2.0777-3.1156i,1.91e-05
36.98-123.3i,2.2196-0.97084i,0.90633-2.3665i,3.7634-0.34175i,1.0842-0.40331i,2.7186-0.24924i,0.14886-1.4659i,2.0917-3.1218i,1.915e-05
37.16-123.6i,2.2211-0.96771i,0.91409-2.3841i,3.7626-0.33913i,1.0628-0.41062i,2.7172-0.24641i,0.14956-1.4869i,2.1058-3.1277i,1.92e-05
37.34-123.9i,2.2226-0.96459i,0.92197-2.4022i,3.7618-0.33651i,1.0414-0.42074i,2.7159-0.24364i,0.15049-1.5099i,2.1198-3.1336i,1.925e-05
37.52-124.2i,2.2241-0.96146i,0.92985-2.4203i,3.761-0.33389i,1.0197-0.43508i,2.7145-0.24087i,0.15179-1.5359i,2.1339-3.1393i,1.93e-05
37.7-124.5i,2.2257-0.95834i,0.93806-2.439i,3.7602-0.33128i,0.99812-0.44942i,2.7132-0.23818i,0.15309-1.5619i,2.148-3.1449i,1.935e-05
37.88-124.8i,2.2272-0.95522i,0.94628-2.4577i,3.7594-0.32866i,0.9765-0.46376i,2.7118-0.23548i,0.1544-1.5879i,2.1621-3.1503i,1.94e-05
38.06-125.1i,2.2285-0.95222i,0.95503-2.4769i,3.7586-0.32604i,0.95488-0.47811i,2.7104-0.23285i,0.1557-1.6139i,2.1761-3.1556i,1.945e-05
38.24-125.4i,2.2288-0.94964i,0.96378-2.4962i,3.7578-0.32342i,0.93326-0.49245i,2.7091-0.23023i,0.157-1.6399i,2.1902-3.1608i,1.95e-05
38.42-125.7i,2.2291-0.94705i,0.97322-2.5159i,3.757-0.321i,0.91164-0.50679i,2.7077-0.22767i,0.1583-1.6659i,2.2042-3.1658i,1.955e-05
38.6-126i,2.2296-0.94505i,0.98267-2.5356i,3.7561-0.31878i,0.89002-0.52113i,2.7063-0.2251i,0.1596-1.6919i,2.2182-3.1707i,1.96e-05
38.736-126.21i,2.2303-0.94339i,0.99294-2.5557i,3.7552-0.31656i,0.86272-0.55456i,2.705-0.22261i,0.1609-1.7179i,2.2322-3.1754i,1.965e-05
38.871-126.43i,2.231-0.94173i,1.0032-2.5758i,3.7543-0.31433i,0.83398-0.59277i,2.7036-0.22011i,0.1622-1.744i,2.2462-3.1801i,1.97e-05
39.007-126.64i,2.2317-0.94008i,1.0144-2.5961i,3.7534-0.31211i,0.80525-0.63097i,2.7022-0.21768i,0.1635-1.77i,2.2601-3.1845i,1.975e-05
39.143-126.86i,2.2324-0.93842i,1.0255-2.6164i,3.7525-0.30989i,0.77652-0.66918i,2.7009-0.21524i,0.1648-1.796i,2.274-3.1889i,1.98e-05
39.279-127.07i,2.2331-0.93676i,1.0377-2.6368i,3.7516-0.30767i,0.74779-0.70738i,2.6995-0.21287i,0.1661-1.822i,2.2879-3.1931i,1.985e-05
39.414-127.29i,2.2338-0.93511i,1.0498-2.6572i,3.7507-0.30545i,0.71906-0.74559i,2.6981-0.2105i,0.1674-1.848i,2.3017-3.1972i,1.99e-05
39.55-127.5i,2.2345-0.93345i,1.0629-2.6776i,3.7498-0.30322i,0.69033-0.78379i,2.6968-0.20818i,0.1687-1.874i,2.3156-3.2012i,1.995e-05
39.686-127.71i,2.2352-0.9318i,1.076-2.698i,3.7489-0.301i,0.6616-0.822i,2.6954-0.20587i,0.17-1.9i,2.3293-3.205i,2e-05
